Jule Verne;Around The World in 80 days;isbn-9781949460858;
Jule Verne;From Earth to the Moon;isbn-9781949460827;
JK Rowling;Hogwarts Library;isbn-1338132326;
JK Rowling;Harry Potter and the Goblet of Fire: The Illustrated Edition;isbn-9780545791427;
Suzanne Collins;The Hunger Games;isbn-9780439023528;
Suzanne Collins;Catching Fire;isbn-9780545586177;
Suzanne Collins;Mockingjay;isbn-9780439023511;
Taco Man;Life of Taco;isbn-5132954138;
Taco Man;Life of Another Taco;isbn-5132956138;
Taco boi;life of taco;isbn-123584;
taco boi;tlkaj;isbn-156543;
atl;asfa;isbn-123;
asdf;asdfa;isbn-123541;
tao;isbn-123too;isbn-1234;
an;aid-141;isbn-;